symbol,dates
NONE,2024-01-10
NONE,2024-01-14
NONE,2024-01-22
APP,2024-02-15
ACMR,2024-02-18
SG,2024-03-01
NONE,2024-03-12
NONE,2024-03-18
NONE,2024-03-26
WSM,2024-04-13
NONE,2024-04-28
APP,2024-05-09
GRPN,2024-05-10
SG,2024-05-10
ADMA,2024-05-10
CHWY,2024-05-29
NONE,2024-06-02
AVGO,2024-06-13
NONE,2024-06-27
NONE,2024-07-06
NONE,2024-07-11
NWL,2024-07-26
APPS,2024-08-08
ADMA,2024-08-09
SG,2024-08-09
GDS,2024-08-21
NONE,2024-09-10
NONE,2024-09-14
NONE,2024-09-19
NONE,2024-09-30
DJT,2024-10-28
LMND,2024-10-31
RELY,2024-10-31
TEAM,2024-11-01
ALAB,2024-11-05
APP,2024-11-07
INOD,2024-11-08
AAOI,2024-11-08
SFIX,2024-12-11
AVGO,2024-12-13
RUM,2024-12-23